,calc_key,potential_LAMMPS_key,potential_LAMMPS_id,potential_key,potential_id,composition,prototype,family,a,b,c,alpha,beta,gamma,strainrange,straindirection,C11,C12,C13,C14,C15,C16,C21,C22,C23,C24,C25,C26,C31,C32,C33,C34,C35,C36,C41,C42,C43,C44,C45,C46,C51,C52,C53,C54,C55,C56,C61,C62,C63,C64,C65,C66
3,058e5d76-ee0e-4d15-825b-bde1d57d8ff4,19b06879-fe19-414e-a7a0-f0bbf62a94e6,2006--Williams-P-L--Ag--LAMMPS--ipr1,ce32faaf-5d57-4861-a2ec-efbfc63f07e6,2006--Williams-P-L-Mishin-Y-Hamilton-J-C--Ag,Ag,A1--Cu--fcc,oqmd-676271,4.090000144887573,4.090000144887573,4.090000144887573,90.0,90.0,90.0,1e-08,negative,124.239,93.874,93.874,0.000,0.000,0.000,93.874,124.239,93.874,0.000,0.000,0.000,93.874,93.874,124.239,0.000,0.000,0.000,0.000,0.000,0.000,46.419,0.000,0.000,0.000,0.000,0.000,0.000,46.419,0.000,0.000,0.000,0.000,0.000,0.000,46.419
2,058e5d76-ee0e-4d15-825b-bde1d57d8ff4,19b06879-fe19-414e-a7a0-f0bbf62a94e6,2006--Williams-P-L--Ag--LAMMPS--ipr1,ce32faaf-5d57-4861-a2ec-efbfc63f07e6,2006--Williams-P-L-Mishin-Y-Hamilton-J-C--Ag,Ag,A1--Cu--fcc,oqmd-676271,4.090000144887573,4.090000144887573,4.090000144887573,90.0,90.0,90.0,1e-08,positive,124.239,93.874,93.874,-0.000,-0.000,-0.000,93.874,124.239,93.874,-0.000,-0.000,-0.000,93.874,93.874,124.239,-0.000,-0.000,-0.000,-0.000,-0.000,-0.000,46.419,-0.000,-0.000,-0.000,-0.000,-0.000,-0.000,46.419,-0.000,-0.000,-0.000,-0.000,-0.000,-0.000,46.419
107,fb79e8a9-7e0e-4e2c-a23e-f1ee8d14dbf2,19b06879-fe19-414e-a7a0-f0bbf62a94e6,2006--Williams-P-L--Ag--LAMMPS--ipr1,ce32faaf-5d57-4861-a2ec-efbfc63f07e6,2006--Williams-P-L-Mishin-Y-Hamilton-J-C--Ag,Ag,A1--Cu--fcc,oqmd-676271,4.090000144887573,4.090000144887573,4.090000144887573,90.0,90.0,90.0,1e-07,negative,124.239,93.874,93.874,0.000,0.000,0.000,93.874,124.239,93.874,0.000,0.000,0.000,93.874,93.874,124.239,0.000,0.000,0.000,-0.000,0.000,0.000,46.419,0.000,0.000,0.000,-0.000,0.000,0.000,46.419,0.000,0.000,0.000,-0.000,0.000,0.000,46.419
106,fb79e8a9-7e0e-4e2c-a23e-f1ee8d14dbf2,19b06879-fe19-414e-a7a0-f0bbf62a94e6,2006--Williams-P-L--Ag--LAMMPS--ipr1,ce32faaf-5d57-4861-a2ec-efbfc63f07e6,2006--Williams-P-L-Mishin-Y-Hamilton-J-C--Ag,Ag,A1--Cu--fcc,oqmd-676271,4.090000144887573,4.090000144887573,4.090000144887573,90.0,90.0,90.0,1e-07,positive,124.239,93.874,93.874,-0.000,-0.000,-0.000,93.874,124.239,93.874,-0.000,-0.000,-0.000,93.874,93.874,124.239,-0.000,-0.000,-0.000,0.000,-0.000,-0.000,46.419,-0.000,-0.000,-0.000,0.000,-0.000,-0.000,46.419,-0.000,-0.000,-0.000,0.000,-0.000,-0.000,46.419
47,625814e6-e567-427f-b7e0-02571a19ebb6,19b06879-fe19-414e-a7a0-f0bbf62a94e6,2006--Williams-P-L--Ag--LAMMPS--ipr1,ce32faaf-5d57-4861-a2ec-efbfc63f07e6,2006--Williams-P-L-Mishin-Y-Hamilton-J-C--Ag,Ag,A1--Cu--fcc,oqmd-676271,4.090000144887573,4.090000144887573,4.090000144887573,90.0,90.0,90.0,1e-06,negative,124.239,93.874,93.874,0.000,0.000,0.000,93.874,124.239,93.874,0.000,0.000,0.000,93.874,93.874,124.239,0.000,0.000,0.000,-0.000,0.000,0.000,46.419,0.000,0.000,0.000,-0.000,0.000,0.000,46.419,0.000,0.000,0.000,-0.000,0.000,0.000,46.419
46,625814e6-e567-427f-b7e0-02571a19ebb6,19b06879-fe19-414e-a7a0-f0bbf62a94e6,2006--Williams-P-L--Ag--LAMMPS--ipr1,ce32faaf-5d57-4861-a2ec-efbfc63f07e6,2006--Williams-P-L-Mishin-Y-Hamilton-J-C--Ag,Ag,A1--Cu--fcc,oqmd-676271,4.090000144887573,4.090000144887573,4.090000144887573,90.0,90.0,90.0,1e-06,positive,124.239,93.873,93.873,-0.000,-0.000,-0.000,93.873,124.239,93.873,-0.000,-0.000,-0.000,93.873,93.873,124.239,-0.000,-0.000,-0.000,0.000,-0.000,-0.000,46.419,-0.000,-0.000,-0.000,0.000,-0.000,-0.000,46.419,-0.000,-0.000,-0.000,0.000,-0.000,-0.000,46.419
63,7cdbdee3-8e5a-4e26-9a8d-a0542c0fdb4a,19b06879-fe19-414e-a7a0-f0bbf62a94e6,2006--Williams-P-L--Ag--LAMMPS--ipr1,ce32faaf-5d57-4861-a2ec-efbfc63f07e6,2006--Williams-P-L-Mishin-Y-Hamilton-J-C--Ag,Ag,A1--Cu--fcc,oqmd-676271,4.090000144887573,4.090000144887573,4.090000144887573,90.0,90.0,90.0,1e-05,negative,124.242,93.877,93.877,0.000,0.000,0.000,93.877,124.242,93.877,0.000,0.000,0.000,93.877,93.877,124.242,0.000,0.000,0.000,-0.000,0.000,0.001,46.419,0.000,0.000,0.000,-0.000,0.001,0.000,46.419,0.000,0.000,0.001,-0.000,0.000,0.000,46.419
62,7cdbdee3-8e5a-4e26-9a8d-a0542c0fdb4a,19b06879-fe19-414e-a7a0-f0bbf62a94e6,2006--Williams-P-L--Ag--LAMMPS--ipr1,ce32faaf-5d57-4861-a2ec-efbfc63f07e6,2006--Williams-P-L-Mishin-Y-Hamilton-J-C--Ag,Ag,A1--Cu--fcc,oqmd-676271,4.090000144887573,4.090000144887573,4.090000144887573,90.0,90.0,90.0,1e-05,positive,124.237,93.871,93.871,-0.000,-0.000,-0.000,93.871,124.237,93.871,-0.000,-0.000,-0.000,93.871,93.871,124.237,-0.000,-0.000,-0.000,0.000,-0.000,-0.001,46.419,-0.000,-0.000,-0.000,0.000,-0.001,-0.000,46.419,-0.000,-0.000,-0.001,0.000,-0.000,-0.000,46.419
9,0b5546cd-40a3-4a16-9e7b-36eb4b320725,19b06879-fe19-414e-a7a0-f0bbf62a94e6,2006--Williams-P-L--Ag--LAMMPS--ipr1,ce32faaf-5d57-4861-a2ec-efbfc63f07e6,2006--Williams-P-L-Mishin-Y-Hamilton-J-C--Ag,Ag,A15--beta-W,A15--beta-W,5.234821600807782,5.234821600807782,5.234821600807782,90.0,90.0,90.0,1e-08,negative,197.071,53.592,53.592,0.000,0.000,0.000,53.592,197.071,53.592,-0.000,-0.000,0.000,53.592,53.592,197.071,-0.000,0.000,0.000,0.000,0.000,0.000,10.535,0.000,0.000,0.000,0.000,0.000,0.000,10.535,0.000,0.000,0.000,0.000,-0.000,0.000,10.535
8,0b5546cd-40a3-4a16-9e7b-36eb4b320725,19b06879-fe19-414e-a7a0-f0bbf62a94e6,2006--Williams-P-L--Ag--LAMMPS--ipr1,ce32faaf-5d57-4861-a2ec-efbfc63f07e6,2006--Williams-P-L-Mishin-Y-Hamilton-J-C--Ag,Ag,A15--beta-W,A15--beta-W,5.234821600807782,5.234821600807782,5.234821600807782,90.0,90.0,90.0,1e-08,positive,197.071,53.592,53.592,0.000,-0.000,-0.000,53.592,197.071,53.592,0.000,0.000,0.000,53.592,53.592,197.071,0.000,-0.000,0.000,-0.000,-0.000,-0.000,10.535,-0.000,0.000,-0.000,0.000,-0.000,-0.000,10.535,-0.000,-0.000,-0.000,-0.000,0.000,-0.000,10.535
97,e8ff9fda-694d-4e83-9ef5-d9a96525b7bc,19b06879-fe19-414e-a7a0-f0bbf62a94e6,2006--Williams-P-L--Ag--LAMMPS--ipr1,ce32faaf-5d57-4861-a2ec-efbfc63f07e6,2006--Williams-P-L-Mishin-Y-Hamilton-J-C--Ag,Ag,A15--beta-W,A15--beta-W,5.234821600807782,5.234821600807782,5.234821600807782,90.0,90.0,90.0,1e-07,negative,197.071,53.592,53.592,0.000,0.000,0.000,53.592,197.071,53.592,0.000,0.000,0.000,53.592,53.592,197.071,-0.000,0.000,0.000,0.000,0.000,-0.000,-4.898,-0.000,0.000,0.000,0.000,-0.000,-0.000,-4.898,0.000,0.000,-0.000,0.000,-0.000,0.000,-4.898
96,e8ff9fda-694d-4e83-9ef5-d9a96525b7bc,19b06879-fe19-414e-a7a0-f0bbf62a94e6,2006--Williams-P-L--Ag--LAMMPS--ipr1,ce32faaf-5d57-4861-a2ec-efbfc63f07e6,2006--Williams-P-L-Mishin-Y-Hamilton-J-C--Ag,Ag,A15--beta-W,A15--beta-W,5.234821600807782,5.234821600807782,5.234821600807782,90.0,90.0,90.0,1e-07,positive,197.071,53.592,53.592,0.000,0.000,0.000,53.592,197.071,53.592,-0.000,-0.000,0.000,53.592,53.592,197.071,-0.000,0.000,-0.000,-0.000,-0.000,0.000,-4.898,0.000,-0.000,-0.000,-0.000,0.000,-0.000,-4.898,0.000,-0.000,0.000,-0.000,0.000,0.000,-4.898
99,eb410cbd-dbcd-4eb2-ab20-6e9bdce74639,19b06879-fe19-414e-a7a0-f0bbf62a94e6,2006--Williams-P-L--Ag--LAMMPS--ipr1,ce32faaf-5d57-4861-a2ec-efbfc63f07e6,2006--Williams-P-L-Mishin-Y-Hamilton-J-C--Ag,Ag,A15--beta-W,A15--beta-W,5.234821600807782,5.234821600807782,5.234821600807782,90.0,90.0,90.0,1e-06,negative,197.072,53.593,53.593,0.000,-0.000,-0.000,53.593,197.072,53.593,0.000,-0.000,-0.000,53.593,53.593,197.072,0.000,0.000,-0.000,0.000,0.000,-0.000,-7.276,-0.000,-0.000,0.000,-0.000,-0.000,0.000,-7.276,-0.000,0.000,-0.000,0.000,-0.000,0.000,-7.276
98,eb410cbd-dbcd-4eb2-ab20-6e9bdce74639,19b06879-fe19-414e-a7a0-f0bbf62a94e6,2006--Williams-P-L--Ag--LAMMPS--ipr1,ce32faaf-5d57-4861-a2ec-efbfc63f07e6,2006--Williams-P-L-Mishin-Y-Hamilton-J-C--Ag,Ag,A15--beta-W,A15--beta-W,5.234821600807782,5.234821600807782,5.234821600807782,90.0,90.0,90.0,1e-06,positive,197.070,53.592,53.592,0.000,0.000,-0.000,53.592,197.070,53.592,0.000,0.000,-0.000,53.592,53.592,197.070,-0.000,0.000,0.000,-0.000,-0.000,0.000,-7.276,0.000,0.000,-0.000,0.000,0.000,-0.000,-7.276,0.000,-0.000,0.000,-0.000,-0.000,-0.000,-7.276
33,3ca7cab5-6108-4959-beb8-a4215b621524,19b06879-fe19-414e-a7a0-f0bbf62a94e6,2006--Williams-P-L--Ag--LAMMPS--ipr1,ce32faaf-5d57-4861-a2ec-efbfc63f07e6,2006--Williams-P-L-Mishin-Y-Hamilton-J-C--Ag,Ag,A15--beta-W,A15--beta-W,5.234821600807782,5.234821600807782,5.234821600807782,90.0,90.0,90.0,1e-05,negative,197.077,53.594,53.594,-0.000,0.000,0.000,53.594,197.077,53.594,0.000,0.000,0.000,53.594,53.594,197.077,0.000,0.000,0.000,0.001,0.000,-0.001,-7.710,0.000,-0.000,0.000,0.001,-0.001,0.000,-7.710,-0.000,0.000,-0.001,0.001,0.000,0.000,-7.710
32,3ca7cab5-6108-4959-beb8-a4215b621524,19b06879-fe19-414e-a7a0-f0bbf62a94e6,2006--Williams-P-L--Ag--LAMMPS--ipr1,ce32faaf-5d57-4861-a2ec-efbfc63f07e6,2006--Williams-P-L-Mishin-Y-Hamilton-J-C--Ag,Ag,A15--beta-W,A15--beta-W,5.234821600807782,5.234821600807782,5.234821600807782,90.0,90.0,90.0,1e-05,positive,197.065,53.591,53.591,0.000,-0.000,-0.000,53.591,197.065,53.591,-0.000,-0.000,0.000,53.591,53.591,197.065,0.000,0.000,-0.000,-0.001,-0.000,0.001,-7.710,-0.000,0.000,-0.000,-0.001,0.001,0.000,-7.710,-0.000,-0.000,0.001,-0.001,-0.000,0.000,-7.710
101,ee616a09-c5e4-43d2-8cfa-378b68e775f0,19b06879-fe19-414e-a7a0-f0bbf62a94e6,2006--Williams-P-L--Ag--LAMMPS--ipr1,ce32faaf-5d57-4861-a2ec-efbfc63f07e6,2006--Williams-P-L-Mishin-Y-Hamilton-J-C--Ag,Ag,A2--W--bcc,oqmd-1215125,3.2385949096103075,3.2385949096103075,3.2385949096103075,90.0,90.0,90.0,1e-08,negative,123.360,121.141,121.141,-0.000,0.000,0.000,121.141,123.360,121.141,-0.000,0.000,0.000,121.141,121.141,123.360,-0.000,0.000,-0.000,0.000,0.000,0.000,71.118,0.000,0.000,0.000,0.000,0.000,0.000,71.118,0.000,0.000,0.000,0.000,0.000,0.000,71.118
100,ee616a09-c5e4-43d2-8cfa-378b68e775f0,19b06879-fe19-414e-a7a0-f0bbf62a94e6,2006--Williams-P-L--Ag--LAMMPS--ipr1,ce32faaf-5d57-4861-a2ec-efbfc63f07e6,2006--Williams-P-L-Mishin-Y-Hamilton-J-C--Ag,Ag,A2--W--bcc,oqmd-1215125,3.2385949096103075,3.2385949096103075,3.2385949096103075,90.0,90.0,90.0,1e-08,positive,123.360,121.141,121.141,-0.000,-0.000,-0.000,121.141,123.360,121.141,-0.000,-0.000,-0.000,121.141,121.141,123.360,-0.000,-0.000,-0.000,-0.000,-0.000,-0.000,71.118,-0.000,-0.000,-0.000,-0.000,-0.000,0.000,71.118,-0.000,-0.000,-0.000,-0.000,0.000,-0.000,71.118
91,de2fe263-1063-4939-9346-9535c66a7f5f,19b06879-fe19-414e-a7a0-f0bbf62a94e6,2006--Williams-P-L--Ag--LAMMPS--ipr1,ce32faaf-5d57-4861-a2ec-efbfc63f07e6,2006--Williams-P-L-Mishin-Y-Hamilton-J-C--Ag,Ag,A2--W--bcc,oqmd-1215125,3.2385949096103075,3.2385949096103075,3.2385949096103075,90.0,90.0,90.0,1e-07,negative,123.360,121.141,121.141,-0.000,0.000,0.000,121.141,123.360,121.141,-0.000,0.000,0.000,121.141,121.141,123.360,-0.000,0.000,0.000,0.000,0.000,0.000,71.118,0.000,0.000,0.000,0.000,0.000,-0.000,71.118,0.000,0.000,0.000,0.000,0.000,0.000,71.118
90,de2fe263-1063-4939-9346-9535c66a7f5f,19b06879-fe19-414e-a7a0-f0bbf62a94e6,2006--Williams-P-L--Ag--LAMMPS--ipr1,ce32faaf-5d57-4861-a2ec-efbfc63f07e6,2006--Williams-P-L-Mishin-Y-Hamilton-J-C--Ag,Ag,A2--W--bcc,oqmd-1215125,3.2385949096103075,3.2385949096103075,3.2385949096103075,90.0,90.0,90.0,1e-07,positive,123.360,121.140,121.140,-0.000,-0.000,-0.000,121.140,123.360,121.140,-0.000,-0.000,-0.000,121.140,121.140,123.360,0.000,-0.000,-0.000,-0.000,-0.000,-0.000,71.118,-0.000,-0.000,-0.000,-0.000,-0.000,-0.000,71.118,-0.000,-0.000,-0.000,-0.000,-0.000,-0.000,71.118
95,e24a8b25-cbfc-4ed6-a0d8-2947d2a5bc56,19b06879-fe19-414e-a7a0-f0bbf62a94e6,2006--Williams-P-L--Ag--LAMMPS--ipr1,ce32faaf-5d57-4861-a2ec-efbfc63f07e6,2006--Williams-P-L-Mishin-Y-Hamilton-J-C--Ag,Ag,A2--W--bcc,oqmd-1215125,3.2385949096103075,3.2385949096103075,3.2385949096103075,90.0,90.0,90.0,1e-06,negative,123.361,121.141,121.141,-0.000,0.000,0.000,121.141,123.361,121.141,0.000,0.000,0.000,121.141,121.141,123.361,-0.000,-0.000,0.000,0.001,0.000,0.001,71.118,0.000,0.000,0.000,0.001,0.001,-0.000,71.118,-0.000,0.000,0.001,0.001,-0.000,0.000,71.118
94,e24a8b25-cbfc-4ed6-a0d8-2947d2a5bc56,19b06879-fe19-414e-a7a0-f0bbf62a94e6,2006--Williams-P-L--Ag--LAMMPS--ipr1,ce32faaf-5d57-4861-a2ec-efbfc63f07e6,2006--Williams-P-L-Mishin-Y-Hamilton-J-C--Ag,Ag,A2--W--bcc,oqmd-1215125,3.2385949096103075,3.2385949096103075,3.2385949096103075,90.0,90.0,90.0,1e-06,positive,123.359,121.140,121.140,0.000,-0.000,-0.000,121.140,123.359,121.140,-0.000,-0.000,-0.000,121.140,121.140,123.359,0.000,0.000,-0.000,-0.001,-0.000,-0.001,71.118,-0.000,-0.000,-0.000,-0.001,-0.001,-0.000,71.118,-0.000,-0.000,-0.001,-0.001,0.000,-0.000,71.118
49,6c1e58ab-71b0-449e-9f68-3b1136aa5932,19b06879-fe19-414e-a7a0-f0bbf62a94e6,2006--Williams-P-L--Ag--LAMMPS--ipr1,ce32faaf-5d57-4861-a2ec-efbfc63f07e6,2006--Williams-P-L-Mishin-Y-Hamilton-J-C--Ag,Ag,A2--W--bcc,oqmd-1215125,3.2385949096103075,3.2385949096103075,3.2385949096103075,90.0,90.0,90.0,1e-05,negative,123.370,121.148,121.148,-0.000,0.000,0.000,121.148,123.370,121.148,-0.000,-0.000,0.000,121.148,121.148,123.370,-0.000,0.000,-0.000,0.005,0.004,0.005,71.118,0.000,0.000,0.004,0.005,0.005,0.000,71.118,0.000,0.004,0.005,0.005,0.000,0.000,71.118
48,6c1e58ab-71b0-449e-9f68-3b1136aa5932,19b06879-fe19-414e-a7a0-f0bbf62a94e6,2006--Williams-P-L--Ag--LAMMPS--ipr1,ce32faaf-5d57-4861-a2ec-efbfc63f07e6,2006--Williams-P-L-Mishin-Y-Hamilton-J-C--Ag,Ag,A2--W--bcc,oqmd-1215125,3.2385949096103075,3.2385949096103075,3.2385949096103075,90.0,90.0,90.0,1e-05,positive,123.351,121.133,121.133,0.000,0.000,-0.000,121.133,123.351,121.133,0.000,0.000,-0.000,121.133,121.133,123.351,0.000,-0.000,-0.000,-0.005,-0.004,-0.005,71.118,-0.000,-0.000,-0.004,-0.005,-0.005,0.000,71.118,-0.000,-0.004,-0.005,-0.005,-0.000,-0.000,71.118
69,8941a918-ccba-4c50-9e3c-17dbbbb03c17,19b06879-fe19-414e-a7a0-f0bbf62a94e6,2006--Williams-P-L--Ag--LAMMPS--ipr1,ce32faaf-5d57-4861-a2ec-efbfc63f07e6,2006--Williams-P-L-Mishin-Y-Hamilton-J-C--Ag,Ag,A3'--alpha-La--double-hcp,A3'--alpha-La--double-hcp,2.8940284420939215,2.8940284420939206,9.404149092793881,90.0,90.0,120.0,1e-08,negative,146.736,92.957,73.428,0.000,-0.000,-0.000,92.957,146.736,73.428,0.000,-0.000,0.000,73.428,73.428,159.717,0.000,-0.000,0.000,0.000,-0.000,0.000,25.074,0.000,-0.000,-0.000,-0.000,0.000,0.000,25.074,0.000,0.000,-0.000,0.000,0.000,0.000,26.889
68,8941a918-ccba-4c50-9e3c-17dbbbb03c17,19b06879-fe19-414e-a7a0-f0bbf62a94e6,2006--Williams-P-L--Ag--LAMMPS--ipr1,ce32faaf-5d57-4861-a2ec-efbfc63f07e6,2006--Williams-P-L-Mishin-Y-Hamilton-J-C--Ag,Ag,A3'--alpha-La--double-hcp,A3'--alpha-La--double-hcp,2.8940284420939215,2.8940284420939206,9.404149092793881,90.0,90.0,120.0,1e-08,positive,146.736,92.957,73.428,-0.000,-0.000,-0.000,92.957,146.736,73.428,0.000,0.000,-0.000,73.428,73.428,159.717,-0.000,0.000,-0.000,0.000,-0.000,-0.000,25.074,-0.000,-0.000,0.000,0.000,-0.000,-0.000,25.074,-0.000,-0.000,0.000,-0.000,-0.000,0.000,26.889
105,f3618e24-2781-4680-b762-778c43ae1619,19b06879-fe19-414e-a7a0-f0bbf62a94e6,2006--Williams-P-L--Ag--LAMMPS--ipr1,ce32faaf-5d57-4861-a2ec-efbfc63f07e6,2006--Williams-P-L-Mishin-Y-Hamilton-J-C--Ag,Ag,A3'--alpha-La--double-hcp,A3'--alpha-La--double-hcp,2.8940284420939215,2.8940284420939206,9.404149092793881,90.0,90.0,120.0,1e-07,negative,146.736,92.957,73.428,-0.000,0.000,0.000,92.957,146.736,73.428,0.000,-0.000,0.000,73.428,73.428,159.718,-0.000,0.000,0.000,0.000,-0.000,0.000,25.074,-0.000,-0.000,-0.000,0.000,0.000,-0.000,25.074,0.000,-0.000,0.000,-0.000,0.000,-0.000,26.889
104,f3618e24-2781-4680-b762-778c43ae1619,19b06879-fe19-414e-a7a0-f0bbf62a94e6,2006--Williams-P-L--Ag--LAMMPS--ipr1,ce32faaf-5d57-4861-a2ec-efbfc63f07e6,2006--Williams-P-L-Mishin-Y-Hamilton-J-C--Ag,Ag,A3'--alpha-La--double-hcp,A3'--alpha-La--double-hcp,2.8940284420939215,2.8940284420939206,9.404149092793881,90.0,90.0,120.0,1e-07,positive,146.736,92.957,73.428,-0.000,0.000,-0.000,92.957,146.736,73.428,-0.000,0.000,-0.000,73.428,73.428,159.717,-0.000,0.000,-0.000,-0.000,0.000,-0.000,25.074,-0.000,-0.000,0.000,-0.000,-0.000,-0.000,25.074,0.000,0.000,-0.000,0.000,-0.000,0.000,26.889
65,86dcc776-61ac-4039-b71e-63f559a8482e,19b06879-fe19-414e-a7a0-f0bbf62a94e6,2006--Williams-P-L--Ag--LAMMPS--ipr1,ce32faaf-5d57-4861-a2ec-efbfc63f07e6,2006--Williams-P-L-Mishin-Y-Hamilton-J-C--Ag,Ag,A3'--alpha-La--double-hcp,A3'--alpha-La--double-hcp,2.8940284420939215,2.8940284420939206,9.404149092793881,90.0,90.0,120.0,1e-06,negative,146.737,92.958,73.428,0.000,0.000,0.000,92.958,146.737,73.428,0.000,0.000,0.000,73.428,73.428,159.718,-0.000,0.000,0.000,0.000,-0.000,0.000,25.074,0.000,0.000,-0.000,0.000,0.000,-0.000,25.074,0.000,-0.000,0.000,-0.000,0.000,0.000,26.889
64,86dcc776-61ac-4039-b71e-63f559a8482e,19b06879-fe19-414e-a7a0-f0bbf62a94e6,2006--Williams-P-L--Ag--LAMMPS--ipr1,ce32faaf-5d57-4861-a2ec-efbfc63f07e6,2006--Williams-P-L-Mishin-Y-Hamilton-J-C--Ag,Ag,A3'--alpha-La--double-hcp,A3'--alpha-La--double-hcp,2.8940284420939215,2.8940284420939206,9.404149092793881,90.0,90.0,120.0,1e-06,positive,146.736,92.957,73.428,0.000,0.000,-0.000,92.957,146.736,73.428,-0.000,0.000,-0.000,73.427,73.427,159.717,-0.000,0.000,0.000,-0.000,0.000,-0.000,25.074,-0.000,-0.000,0.000,-0.000,-0.000,-0.000,25.074,-0.000,0.000,-0.000,0.000,-0.000,0.000,26.889
19,2285abcd-f396-4233-a4f4-d94e9fcb7ced,19b06879-fe19-414e-a7a0-f0bbf62a94e6,2006--Williams-P-L--Ag--LAMMPS--ipr1,ce32faaf-5d57-4861-a2ec-efbfc63f07e6,2006--Williams-P-L-Mishin-Y-Hamilton-J-C--Ag,Ag,A3'--alpha-La--double-hcp,A3'--alpha-La--double-hcp,2.8940284420939215,2.8940284420939206,9.404149092793881,90.0,90.0,120.0,1e-05,negative,146.743,92.960,73.429,0.000,-0.000,0.000,92.961,146.741,73.429,0.000,-0.000,0.000,73.431,73.431,159.725,0.000,0.000,0.000,0.000,-0.000,0.001,25.074,-0.000,0.000,-0.000,0.000,0.001,0.000,25.074,0.000,-0.000,0.001,-0.000,0.000,-0.000,26.889
18,2285abcd-f396-4233-a4f4-d94e9fcb7ced,19b06879-fe19-414e-a7a0-f0bbf62a94e6,2006--Williams-P-L--Ag--LAMMPS--ipr1,ce32faaf-5d57-4861-a2ec-efbfc63f07e6,2006--Williams-P-L-Mishin-Y-Hamilton-J-C--Ag,Ag,A3'--alpha-La--double-hcp,A3'--alpha-La--double-hcp,2.8940284420939215,2.8940284420939206,9.404149092793881,90.0,90.0,120.0,1e-05,positive,146.730,92.955,73.426,-0.000,0.000,-0.000,92.954,146.732,73.426,-0.000,0.000,-0.000,73.424,73.424,159.709,-0.000,-0.000,-0.000,-0.000,0.000,-0.001,25.074,0.000,-0.000,0.000,-0.000,-0.001,-0.000,25.074,-0.000,0.000,-0.001,0.000,-0.000,-0.000,26.889
5,067076cb-b446-46d3-85d6-57a5a2801170,19b06879-fe19-414e-a7a0-f0bbf62a94e6,2006--Williams-P-L--Ag--LAMMPS--ipr1,ce32faaf-5d57-4861-a2ec-efbfc63f07e6,2006--Williams-P-L-Mishin-Y-Hamilton-J-C--Ag,Ag,A3--Mg--hcp,mp-10597,2.8963894046723158,2.8963894046723153,4.679308977768629,90.0,90.0,120.0,1e-08,negative,146.681,94.182,75.108,0.000,-0.000,0.000,94.182,146.681,75.108,0.000,-0.000,0.000,75.108,75.108,159.450,-0.000,-0.000,0.000,-0.000,0.000,0.000,25.773,-0.000,0.000,-0.000,0.000,0.000,0.000,25.773,-0.000,-0.000,0.000,0.000,0.000,-0.000,26.249
4,067076cb-b446-46d3-85d6-57a5a2801170,19b06879-fe19-414e-a7a0-f0bbf62a94e6,2006--Williams-P-L--Ag--LAMMPS--ipr1,ce32faaf-5d57-4861-a2ec-efbfc63f07e6,2006--Williams-P-L-Mishin-Y-Hamilton-J-C--Ag,Ag,A3--Mg--hcp,mp-10597,2.8963894046723158,2.8963894046723153,4.679308977768629,90.0,90.0,120.0,1e-08,positive,146.681,94.182,75.108,-0.000,0.000,-0.000,94.182,146.681,75.108,-0.000,0.000,-0.000,75.108,75.108,159.450,-0.000,0.000,0.000,0.000,-0.000,-0.000,25.773,0.000,-0.000,0.000,-0.000,-0.000,0.000,25.773,0.000,0.000,-0.000,-0.000,-0.000,0.000,26.249
15,1b6d8d82-2b48-4f63-8739-212c25bb1e8d,19b06879-fe19-414e-a7a0-f0bbf62a94e6,2006--Williams-P-L--Ag--LAMMPS--ipr1,ce32faaf-5d57-4861-a2ec-efbfc63f07e6,2006--Williams-P-L-Mishin-Y-Hamilton-J-C--Ag,Ag,A3--Mg--hcp,mp-10597,2.8963894046723158,2.8963894046723153,4.679308977768629,90.0,90.0,120.0,1e-07,negative,146.681,94.182,75.108,0.000,-0.000,0.000,94.182,146.681,75.108,-0.000,-0.000,0.000,75.108,75.108,159.450,0.000,-0.000,-0.000,0.000,0.000,0.000,25.773,0.000,0.000,-0.000,0.000,0.000,0.000,25.773,0.000,-0.000,0.000,-0.000,0.000,-0.000,26.249
14,1b6d8d82-2b48-4f63-8739-212c25bb1e8d,19b06879-fe19-414e-a7a0-f0bbf62a94e6,2006--Williams-P-L--Ag--LAMMPS--ipr1,ce32faaf-5d57-4861-a2ec-efbfc63f07e6,2006--Williams-P-L-Mishin-Y-Hamilton-J-C--Ag,Ag,A3--Mg--hcp,mp-10597,2.8963894046723158,2.8963894046723153,4.679308977768629,90.0,90.0,120.0,1e-07,positive,146.681,94.182,75.108,-0.000,0.000,-0.000,94.182,146.681,75.108,-0.000,0.000,-0.000,75.108,75.108,159.450,-0.000,0.000,0.000,-0.000,-0.000,-0.000,25.773,0.000,-0.000,0.000,-0.000,-0.000,0.000,25.773,-0.000,0.000,-0.000,0.000,-0.000,0.000,26.249
41,53d03422-04a3-47c9-80c3-62fd3f497a6a,19b06879-fe19-414e-a7a0-f0bbf62a94e6,2006--Williams-P-L--Ag--LAMMPS--ipr1,ce32faaf-5d57-4861-a2ec-efbfc63f07e6,2006--Williams-P-L-Mishin-Y-Hamilton-J-C--Ag,Ag,A3--Mg--hcp,mp-10597,2.8963894046723158,2.8963894046723153,4.679308977768629,90.0,90.0,120.0,1e-06,negative,146.681,94.182,75.108,-0.000,-0.000,0.000,94.182,146.681,75.108,0.000,-0.000,0.000,75.108,75.108,159.451,0.000,-0.000,0.000,0.000,-0.000,0.000,25.773,-0.000,0.000,-0.000,0.000,0.000,-0.000,25.773,-0.000,-0.000,0.000,-0.000,0.000,-0.000,26.249
40,53d03422-04a3-47c9-80c3-62fd3f497a6a,19b06879-fe19-414e-a7a0-f0bbf62a94e6,2006--Williams-P-L--Ag--LAMMPS--ipr1,ce32faaf-5d57-4861-a2ec-efbfc63f07e6,2006--Williams-P-L-Mishin-Y-Hamilton-J-C--Ag,Ag,A3--Mg--hcp,mp-10597,2.8963894046723158,2.8963894046723153,4.679308977768629,90.0,90.0,120.0,1e-06,positive,146.680,94.182,75.108,-0.000,0.000,-0.000,94.182,146.680,75.108,-0.000,0.000,-0.000,75.108,75.108,159.449,-0.000,0.000,-0.000,-0.000,0.000,-0.000,25.773,0.000,0.000,0.000,-0.000,-0.000,-0.000,25.773,-0.000,0.000,-0.000,0.000,-0.000,0.000,26.249
55,727fdf53-e59b-4b4b-9f99-505b0331b9f4,19b06879-fe19-414e-a7a0-f0bbf62a94e6,2006--Williams-P-L--Ag--LAMMPS--ipr1,ce32faaf-5d57-4861-a2ec-efbfc63f07e6,2006--Williams-P-L-Mishin-Y-Hamilton-J-C--Ag,Ag,A3--Mg--hcp,mp-10597,2.8963894046723158,2.8963894046723153,4.679308977768629,90.0,90.0,120.0,1e-05,negative,146.687,94.184,75.110,-0.000,-0.000,0.000,94.186,146.685,75.110,0.000,-0.000,0.000,75.112,75.112,159.461,0.000,-0.000,0.000,0.001,-0.000,0.002,25.773,-0.000,0.000,-0.000,0.001,0.002,0.000,25.773,0.000,-0.000,0.001,-0.000,-0.000,-0.000,26.249
54,727fdf53-e59b-4b4b-9f99-505b0331b9f4,19b06879-fe19-414e-a7a0-f0bbf62a94e6,2006--Williams-P-L--Ag--LAMMPS--ipr1,ce32faaf-5d57-4861-a2ec-efbfc63f07e6,2006--Williams-P-L-Mishin-Y-Hamilton-J-C--Ag,Ag,A3--Mg--hcp,mp-10597,2.8963894046723158,2.8963894046723153,4.679308977768629,90.0,90.0,120.0,1e-05,positive,146.674,94.180,75.106,-0.000,0.000,0.000,94.178,146.676,75.106,0.000,0.000,0.000,75.104,75.104,159.439,-0.000,0.000,-0.000,-0.001,0.000,-0.002,25.773,0.000,-0.000,0.000,-0.001,-0.002,-0.000,25.773,-0.000,0.000,-0.001,0.000,-0.000,0.000,26.249
35,3e5ef38a-dba7-4392-99a9-caa063b186d0,19b06879-fe19-414e-a7a0-f0bbf62a94e6,2006--Williams-P-L--Ag--LAMMPS--ipr1,ce32faaf-5d57-4861-a2ec-efbfc63f07e6,2006--Williams-P-L-Mishin-Y-Hamilton-J-C--Ag,Ag,A4--C--dc,oqmd-1215482,6.171267713533784,6.171267713533784,6.171267713533784,90.0,90.0,90.0,1e-08,negative,47.203,56.891,56.891,-0.000,-0.000,-0.000,56.891,47.203,56.891,-0.000,-0.000,-0.000,56.891,56.891,47.203,-0.000,-0.000,-0.000,0.000,-0.000,-0.000,-13.397,-0.000,-0.000,0.000,-0.000,-0.000,-0.000,-13.397,-0.000,0.000,-0.000,-0.000,-0.000,-0.000,-13.397
34,3e5ef38a-dba7-4392-99a9-caa063b186d0,19b06879-fe19-414e-a7a0-f0bbf62a94e6,2006--Williams-P-L--Ag--LAMMPS--ipr1,ce32faaf-5d57-4861-a2ec-efbfc63f07e6,2006--Williams-P-L-Mishin-Y-Hamilton-J-C--Ag,Ag,A4--C--dc,oqmd-1215482,6.171267713533784,6.171267713533784,6.171267713533784,90.0,90.0,90.0,1e-08,positive,47.203,56.891,56.891,0.000,0.000,0.000,56.891,47.203,56.891,0.000,0.000,0.000,56.891,56.891,47.203,0.000,0.000,0.000,0.000,0.000,0.000,-13.397,0.000,0.000,-0.000,0.000,0.000,0.000,-13.397,0.000,-0.000,0.000,0.000,0.000,0.000,-13.397
67,8760e0d6-42f9-4166-9ae6-79be9d6532c6,19b06879-fe19-414e-a7a0-f0bbf62a94e6,2006--Williams-P-L--Ag--LAMMPS--ipr1,ce32faaf-5d57-4861-a2ec-efbfc63f07e6,2006--Williams-P-L-Mishin-Y-Hamilton-J-C--Ag,Ag,A4--C--dc,oqmd-1215482,6.171267713533784,6.171267713533784,6.171267713533784,90.0,90.0,90.0,1e-07,negative,47.203,56.891,56.891,-0.000,-0.000,-0.000,56.891,47.203,56.891,-0.000,-0.000,-0.000,56.891,56.891,47.203,-0.000,-0.000,-0.000,-0.000,-0.000,-0.000,-13.397,-0.000,-0.000,-0.000,-0.000,-0.000,-0.000,-13.397,-0.000,-0.000,-0.000,-0.000,-0.000,-0.000,-13.397
66,8760e0d6-42f9-4166-9ae6-79be9d6532c6,19b06879-fe19-414e-a7a0-f0bbf62a94e6,2006--Williams-P-L--Ag--LAMMPS--ipr1,ce32faaf-5d57-4861-a2ec-efbfc63f07e6,2006--Williams-P-L-Mishin-Y-Hamilton-J-C--Ag,Ag,A4--C--dc,oqmd-1215482,6.171267713533784,6.171267713533784,6.171267713533784,90.0,90.0,90.0,1e-07,positive,47.203,56.891,56.891,0.000,0.000,0.000,56.891,47.203,56.891,0.000,0.000,0.000,56.891,56.891,47.203,0.000,0.000,0.000,0.000,0.000,0.000,-13.397,0.000,0.000,0.000,0.000,0.000,0.000,-13.397,0.000,0.000,0.000,0.000,0.000,0.000,-13.397
59,75c3b299-0dca-495c-9280-fa150850cab1,19b06879-fe19-414e-a7a0-f0bbf62a94e6,2006--Williams-P-L--Ag--LAMMPS--ipr1,ce32faaf-5d57-4861-a2ec-efbfc63f07e6,2006--Williams-P-L-Mishin-Y-Hamilton-J-C--Ag,Ag,A4--C--dc,oqmd-1215482,6.171267713533784,6.171267713533784,6.171267713533784,90.0,90.0,90.0,1e-06,negative,47.203,56.891,56.891,-0.000,-0.000,-0.000,56.891,47.203,56.891,-0.000,-0.000,-0.000,56.891,56.891,47.203,-0.000,-0.000,-0.000,-0.000,-0.000,-0.000,-13.397,-0.000,-0.000,-0.000,-0.000,-0.000,-0.000,-13.397,-0.000,-0.000,-0.000,-0.000,-0.000,-0.000,-13.397
58,75c3b299-0dca-495c-9280-fa150850cab1,19b06879-fe19-414e-a7a0-f0bbf62a94e6,2006--Williams-P-L--Ag--LAMMPS--ipr1,ce32faaf-5d57-4861-a2ec-efbfc63f07e6,2006--Williams-P-L-Mishin-Y-Hamilton-J-C--Ag,Ag,A4--C--dc,oqmd-1215482,6.171267713533784,6.171267713533784,6.171267713533784,90.0,90.0,90.0,1e-06,positive,47.203,56.891,56.891,0.000,0.000,0.000,56.891,47.203,56.891,0.000,0.000,0.000,56.891,56.891,47.203,0.000,0.000,0.000,0.000,0.000,0.000,-13.397,0.000,0.000,0.000,0.000,0.000,0.000,-13.397,0.000,0.000,0.000,0.000,0.000,0.000,-13.397
37,4d1711fd-604b-41c4-a55c-5a46fe85fa2c,19b06879-fe19-414e-a7a0-f0bbf62a94e6,2006--Williams-P-L--Ag--LAMMPS--ipr1,ce32faaf-5d57-4861-a2ec-efbfc63f07e6,2006--Williams-P-L-Mishin-Y-Hamilton-J-C--Ag,Ag,A4--C--dc,oqmd-1215482,6.171267713533784,6.171267713533784,6.171267713533784,90.0,90.0,90.0,1e-05,negative,47.203,56.892,56.892,-0.000,-0.000,-0.000,56.892,47.203,56.892,-0.000,-0.000,-0.000,56.892,56.892,47.203,-0.000,-0.000,-0.000,-0.001,-0.001,-0.001,-13.397,-0.000,-0.000,-0.001,-0.001,-0.001,-0.000,-13.397,-0.000,-0.001,-0.001,-0.001,-0.000,-0.000,-13.397
36,4d1711fd-604b-41c4-a55c-5a46fe85fa2c,19b06879-fe19-414e-a7a0-f0bbf62a94e6,2006--Williams-P-L--Ag--LAMMPS--ipr1,ce32faaf-5d57-4861-a2ec-efbfc63f07e6,2006--Williams-P-L-Mishin-Y-Hamilton-J-C--Ag,Ag,A4--C--dc,oqmd-1215482,6.171267713533784,6.171267713533784,6.171267713533784,90.0,90.0,90.0,1e-05,positive,47.203,56.890,56.890,0.000,0.000,0.000,56.890,47.203,56.890,0.000,0.000,0.000,56.890,56.890,47.203,0.000,0.000,0.000,0.001,0.001,0.001,-13.397,0.000,0.000,0.001,0.001,0.001,0.000,-13.397,0.000,0.001,0.001,0.001,0.000,0.000,-13.397
21,2456dcf0-d6b6-4f1f-bb90-3313feba1a7a,19b06879-fe19-414e-a7a0-f0bbf62a94e6,2006--Williams-P-L--Ag--LAMMPS--ipr1,ce32faaf-5d57-4861-a2ec-efbfc63f07e6,2006--Williams-P-L-Mishin-Y-Hamilton-J-C--Ag,Ag,A5--beta-Sn,oqmd-1215571,5.285904109897845,5.285904109897845,2.7524136012494127,90.0,90.0,90.0,1e-08,negative,-48.915,342.384,39.716,-0.000,-0.000,-0.000,342.384,-48.916,39.716,0.000,-0.000,-0.000,39.716,39.716,261.305,-0.000,-0.000,-0.000,0.000,-0.000,0.000,-17.341,-0.000,-0.000,0.000,-0.000,0.000,0.000,-17.341,-0.000,0.000,-0.000,0.000,0.000,-0.000,-16.386
20,2456dcf0-d6b6-4f1f-bb90-3313feba1a7a,19b06879-fe19-414e-a7a0-f0bbf62a94e6,2006--Williams-P-L--Ag--LAMMPS--ipr1,ce32faaf-5d57-4861-a2ec-efbfc63f07e6,2006--Williams-P-L-Mishin-Y-Hamilton-J-C--Ag,Ag,A5--beta-Sn,oqmd-1215571,5.285904109897845,5.285904109897845,2.7524136012494127,90.0,90.0,90.0,1e-08,positive,274.932,18.536,39.716,-0.000,-0.000,0.000,18.536,274.932,39.716,-0.000,-0.000,-0.000,39.716,39.716,261.305,0.000,0.000,0.000,-0.000,0.000,-0.000,-17.341,0.000,-0.000,-0.000,0.000,-0.000,0.000,-17.341,-0.000,-0.000,0.000,-0.000,0.000,-0.000,-16.386
103,f1c50194-1529-4064-bbd0-68fb95cc54dd,19b06879-fe19-414e-a7a0-f0bbf62a94e6,2006--Williams-P-L--Ag--LAMMPS--ipr1,ce32faaf-5d57-4861-a2ec-efbfc63f07e6,2006--Williams-P-L-Mishin-Y-Hamilton-J-C--Ag,Ag,A5--beta-Sn,oqmd-1215571,5.285904109897845,5.285904109897845,2.7524136012494127,90.0,90.0,90.0,1e-07,negative,-48.916,342.384,39.716,-0.000,-0.000,0.000,342.384,-48.916,39.716,0.000,-0.000,-0.000,39.716,39.716,261.305,0.000,-0.000,-0.000,-0.000,0.000,-0.000,-17.341,0.000,0.000,0.000,-0.000,-0.000,0.000,-17.341,0.000,0.000,-0.000,-0.000,-0.000,-0.000,-16.386
102,f1c50194-1529-4064-bbd0-68fb95cc54dd,19b06879-fe19-414e-a7a0-f0bbf62a94e6,2006--Williams-P-L--Ag--LAMMPS--ipr1,ce32faaf-5d57-4861-a2ec-efbfc63f07e6,2006--Williams-P-L-Mishin-Y-Hamilton-J-C--Ag,Ag,A5--beta-Sn,oqmd-1215571,5.285904109897845,5.285904109897845,2.7524136012494127,90.0,90.0,90.0,1e-07,positive,-48.915,342.383,39.716,0.000,0.000,0.000,342.383,-48.915,39.716,0.000,0.000,-0.000,39.716,39.716,261.305,-0.000,0.000,0.000,0.000,-0.000,0.000,-17.341,0.000,0.000,-0.000,0.000,0.000,-0.000,-17.341,0.000,-0.000,0.000,0.000,0.000,-0.000,-16.386
31,3a5d6c3a-39fb-4eaa-9b27-fe30e4155464,19b06879-fe19-414e-a7a0-f0bbf62a94e6,2006--Williams-P-L--Ag--LAMMPS--ipr1,ce32faaf-5d57-4861-a2ec-efbfc63f07e6,2006--Williams-P-L-Mishin-Y-Hamilton-J-C--Ag,Ag,A5--beta-Sn,oqmd-1215571,5.285904109897845,5.285904109897845,2.7524136012494127,90.0,90.0,90.0,1e-06,negative,-131.493,424.960,39.717,-0.000,-0.000,0.000,410.595,-117.128,39.717,0.000,0.000,-0.000,39.716,39.716,261.308,-0.000,-0.000,0.000,-0.000,0.000,-0.000,-17.341,0.000,-0.000,0.000,-0.000,-0.000,0.000,-17.341,-0.000,0.000,-0.000,-0.000,0.000,-0.000,-16.386
30,3a5d6c3a-39fb-4eaa-9b27-fe30e4155464,19b06879-fe19-414e-a7a0-f0bbf62a94e6,2006--Williams-P-L--Ag--LAMMPS--ipr1,ce32faaf-5d57-4861-a2ec-efbfc63f07e6,2006--Williams-P-L-Mishin-Y-Hamilton-J-C--Ag,Ag,A5--beta-Sn,oqmd-1215571,5.285904109897845,5.285904109897845,2.7524136012494127,90.0,90.0,90.0,1e-06,positive,-131.486,424.955,39.714,0.000,0.000,0.000,424.955,-131.486,39.714,0.000,0.000,0.000,39.716,39.716,261.302,-0.000,0.000,0.000,0.000,-0.000,0.000,-17.341,-0.000,0.000,-0.000,0.000,0.000,-0.000,-17.341,-0.000,-0.000,0.000,0.000,-0.000,-0.000,-16.386
13,17a2d439-c6e1-4ad1-baea-603c029741c7,19b06879-fe19-414e-a7a0-f0bbf62a94e6,2006--Williams-P-L--Ag--LAMMPS--ipr1,ce32faaf-5d57-4861-a2ec-efbfc63f07e6,2006--Williams-P-L-Mishin-Y-Hamilton-J-C--Ag,Ag,A5--beta-Sn,oqmd-1215571,5.285904109897845,5.285904109897845,2.7524136012494127,90.0,90.0,90.0,1e-05,negative,-135.185,428.640,39.731,-0.000,-0.000,-0.000,428.003,-134.548,39.731,-0.000,0.000,-0.000,39.718,39.718,261.336,-0.000,-0.000,-0.000,-0.000,0.001,-0.001,-17.341,0.000,-0.000,0.001,-0.000,-0.001,0.000,-17.341,-0.000,-0.001,0.000,-0.000,-0.000,-0.000,-16.386
12,17a2d439-c6e1-4ad1-baea-603c029741c7,19b06879-fe19-414e-a7a0-f0bbf62a94e6,2006--Williams-P-L--Ag--LAMMPS--ipr1,ce32faaf-5d57-4861-a2ec-efbfc63f07e6,2006--Williams-P-L-Mishin-Y-Hamilton-J-C--Ag,Ag,A5--beta-Sn,oqmd-1215571,5.285904109897845,5.285904109897845,2.7524136012494127,90.0,90.0,90.0,1e-05,positive,-135.110,428.593,39.701,0.000,0.000,0.000,427.955,-134.473,39.701,0.000,-0.000,0.000,39.714,39.714,261.274,0.000,0.000,0.000,0.000,-0.001,0.001,-17.341,0.000,-0.000,-0.001,0.000,0.001,-0.000,-17.341,0.000,0.001,-0.000,0.000,0.000,0.000,-16.386
27,3050e247-18ea-4960-b6e1-f91cfbdf26fa,19b06879-fe19-414e-a7a0-f0bbf62a94e6,2006--Williams-P-L--Ag--LAMMPS--ipr1,ce32faaf-5d57-4861-a2ec-efbfc63f07e6,2006--Williams-P-L-Mishin-Y-Hamilton-J-C--Ag,Ag,Ah--alpha-Po--sc,Ah--alpha-Po--sc,2.734158292295946,2.734158292295946,2.734158292295946,90.0,90.0,90.0,1e-08,negative,275.389,18.689,18.689,-0.000,0.000,-0.000,18.689,275.389,18.689,0.000,-0.000,-0.000,18.689,18.689,275.389,-0.000,-0.000,-0.000,0.000,0.000,-0.000,-13.103,0.000,0.000,0.000,-0.000,-0.000,0.000,-13.103,-0.000,0.000,-0.000,-0.000,-0.000,-0.000,-13.103
26,3050e247-18ea-4960-b6e1-f91cfbdf26fa,19b06879-fe19-414e-a7a0-f0bbf62a94e6,2006--Williams-P-L--Ag--LAMMPS--ipr1,ce32faaf-5d57-4861-a2ec-efbfc63f07e6,2006--Williams-P-L-Mishin-Y-Hamilton-J-C--Ag,Ag,Ah--alpha-Po--sc,Ah--alpha-Po--sc,2.734158292295946,2.734158292295946,2.734158292295946,90.0,90.0,90.0,1e-08,positive,275.389,18.689,18.689,-0.000,-0.000,-0.000,18.689,275.389,18.689,-0.000,-0.000,0.000,18.689,18.689,275.389,0.000,-0.000,0.000,-0.000,-0.000,0.000,-13.103,-0.000,-0.000,-0.000,0.000,0.000,-0.000,-13.103,0.000,-0.000,-0.000,0.000,0.000,-0.000,-13.103
75,97e1a2f2-75ac-48bf-a86b-86f66a936b35,19b06879-fe19-414e-a7a0-f0bbf62a94e6,2006--Williams-P-L--Ag--LAMMPS--ipr1,ce32faaf-5d57-4861-a2ec-efbfc63f07e6,2006--Williams-P-L-Mishin-Y-Hamilton-J-C--Ag,Ag,Ah--alpha-Po--sc,Ah--alpha-Po--sc,2.734158292295946,2.734158292295946,2.734158292295946,90.0,90.0,90.0,1e-07,negative,275.389,18.689,18.689,0.000,0.000,0.000,18.689,275.389,18.689,0.000,0.000,-0.000,18.689,18.689,275.389,0.000,0.000,0.000,-0.000,0.000,-0.000,-13.103,0.000,0.000,0.000,-0.000,-0.000,0.000,-13.103,-0.000,0.000,-0.000,-0.000,0.000,-0.000,-13.103
74,97e1a2f2-75ac-48bf-a86b-86f66a936b35,19b06879-fe19-414e-a7a0-f0bbf62a94e6,2006--Williams-P-L--Ag--LAMMPS--ipr1,ce32faaf-5d57-4861-a2ec-efbfc63f07e6,2006--Williams-P-L-Mishin-Y-Hamilton-J-C--Ag,Ag,Ah--alpha-Po--sc,Ah--alpha-Po--sc,2.734158292295946,2.734158292295946,2.734158292295946,90.0,90.0,90.0,1e-07,positive,275.388,18.689,18.689,0.000,-0.000,-0.000,18.689,275.388,18.689,-0.000,-0.000,0.000,18.689,18.689,275.388,-0.000,-0.000,0.000,0.000,-0.000,0.000,-13.103,-0.000,0.000,-0.000,0.000,0.000,-0.000,-13.103,-0.000,-0.000,0.000,0.000,-0.000,-0.000,-13.103
7,0965b376-851a-4937-8d22-e008b73693b6,19b06879-fe19-414e-a7a0-f0bbf62a94e6,2006--Williams-P-L--Ag--LAMMPS--ipr1,ce32faaf-5d57-4861-a2ec-efbfc63f07e6,2006--Williams-P-L-Mishin-Y-Hamilton-J-C--Ag,Ag,Ah--alpha-Po--sc,Ah--alpha-Po--sc,2.734158292295946,2.734158292295946,2.734158292295946,90.0,90.0,90.0,1e-06,negative,275.391,18.689,18.689,-0.000,0.000,-0.000,18.689,275.391,18.689,0.000,0.000,0.000,18.689,18.689,275.391,0.000,-0.000,-0.000,-0.000,0.000,-0.000,-13.103,0.000,0.000,0.000,-0.000,-0.000,0.000,-13.103,-0.000,0.000,-0.000,-0.000,0.000,-0.000,-13.103
6,0965b376-851a-4937-8d22-e008b73693b6,19b06879-fe19-414e-a7a0-f0bbf62a94e6,2006--Williams-P-L--Ag--LAMMPS--ipr1,ce32faaf-5d57-4861-a2ec-efbfc63f07e6,2006--Williams-P-L-Mishin-Y-Hamilton-J-C--Ag,Ag,Ah--alpha-Po--sc,Ah--alpha-Po--sc,2.734158292295946,2.734158292295946,2.734158292295946,90.0,90.0,90.0,1e-06,positive,275.386,18.689,18.689,0.000,-0.000,0.000,18.689,275.386,18.689,-0.000,-0.000,0.000,18.689,18.689,275.386,-0.000,-0.000,-0.000,0.000,-0.000,0.000,-13.103,-0.000,-0.000,-0.000,0.000,0.000,0.000,-13.103,-0.000,-0.000,0.000,0.000,-0.000,0.000,-13.103
57,755e6e3a-d822-4006-8616-33c6f19795c7,19b06879-fe19-414e-a7a0-f0bbf62a94e6,2006--Williams-P-L--Ag--LAMMPS--ipr1,ce32faaf-5d57-4861-a2ec-efbfc63f07e6,2006--Williams-P-L-Mishin-Y-Hamilton-J-C--Ag,Ag,Ah--alpha-Po--sc,Ah--alpha-Po--sc,2.734158292295946,2.734158292295946,2.734158292295946,90.0,90.0,90.0,1e-05,negative,275.412,18.690,18.690,0.000,0.000,0.000,18.690,275.412,18.690,0.000,0.000,0.000,18.690,18.690,275.412,-0.000,0.000,0.000,-0.000,0.000,-0.001,-13.103,0.000,0.000,0.000,-0.000,-0.001,0.000,-13.103,0.000,0.000,-0.001,-0.000,0.000,0.000,-13.103
56,755e6e3a-d822-4006-8616-33c6f19795c7,19b06879-fe19-414e-a7a0-f0bbf62a94e6,2006--Williams-P-L--Ag--LAMMPS--ipr1,ce32faaf-5d57-4861-a2ec-efbfc63f07e6,2006--Williams-P-L-Mishin-Y-Hamilton-J-C--Ag,Ag,Ah--alpha-Po--sc,Ah--alpha-Po--sc,2.734158292295946,2.734158292295946,2.734158292295946,90.0,90.0,90.0,1e-05,positive,275.365,18.688,18.688,-0.000,-0.000,0.000,18.688,275.365,18.688,-0.000,-0.000,-0.000,18.688,18.688,275.365,0.000,-0.000,-0.000,0.000,-0.000,0.001,-13.103,-0.000,0.000,-0.000,0.000,0.001,0.000,-13.103,-0.000,-0.000,0.001,0.000,-0.000,-0.000,-13.103
81,bfa2e2b9-a35b-4747-a059-5b6320c830eb,19b06879-fe19-414e-a7a0-f0bbf62a94e6,2006--Williams-P-L--Ag--LAMMPS--ipr1,ce32faaf-5d57-4861-a2ec-efbfc63f07e6,2006--Williams-P-L-Mishin-Y-Hamilton-J-C--Ag,Ag,oqmd-1214680,oqmd-1214680,3.98122514150497,9.634480852310773,3.9757140823565114,90.0,90.0,90.0,1e-08,negative,88.889,66.220,87.261,0.000,0.000,0.000,64.247,205.117,64.484,0.000,0.000,0.000,87.259,66.454,88.452,0.000,0.000,0.000,0.919,-1.259,0.924,-26.377,0.000,-0.000,0.175,-0.239,0.176,0.000,61.903,0.000,0.929,-1.273,0.934,0.000,0.000,-28.680
80,bfa2e2b9-a35b-4747-a059-5b6320c830eb,19b06879-fe19-414e-a7a0-f0bbf62a94e6,2006--Williams-P-L--Ag--LAMMPS--ipr1,ce32faaf-5d57-4861-a2ec-efbfc63f07e6,2006--Williams-P-L-Mishin-Y-Hamilton-J-C--Ag,Ag,oqmd-1214680,oqmd-1214680,3.98122514150497,9.634480852310773,3.9757140823565114,90.0,90.0,90.0,1e-08,positive,88.663,66.530,87.033,-0.000,-0.000,-0.000,64.020,205.427,64.256,-0.000,0.000,-0.000,87.032,66.764,88.225,-0.000,-0.000,-0.000,-0.919,1.259,-0.924,-26.377,-0.000,0.000,-0.175,0.239,-0.176,-0.000,61.903,-0.000,-0.929,1.273,-0.934,-0.000,-0.000,-28.680
71,91d5b1ef-7c71-4ec5-8b7e-ed8ef16d3481,19b06879-fe19-414e-a7a0-f0bbf62a94e6,2006--Williams-P-L--Ag--LAMMPS--ipr1,ce32faaf-5d57-4861-a2ec-efbfc63f07e6,2006--Williams-P-L-Mishin-Y-Hamilton-J-C--Ag,Ag,oqmd-1214680,oqmd-1214680,3.98122514150497,9.634480852310773,3.9757140823565114,90.0,90.0,90.0,1e-07,negative,88.789,66.357,87.161,0.000,0.000,0.000,64.143,205.258,64.380,0.000,0.000,0.000,87.159,66.591,88.352,0.000,0.000,0.000,0.092,-0.126,0.093,-26.555,-0.000,-0.000,0.018,-0.024,0.018,0.000,61.903,0.000,0.093,-0.128,0.094,0.000,0.000,-28.864
70,91d5b1ef-7c71-4ec5-8b7e-ed8ef16d3481,19b06879-fe19-414e-a7a0-f0bbf62a94e6,2006--Williams-P-L--Ag--LAMMPS--ipr1,ce32faaf-5d57-4861-a2ec-efbfc63f07e6,2006--Williams-P-L-Mishin-Y-Hamilton-J-C--Ag,Ag,oqmd-1214680,oqmd-1214680,3.98122514150497,9.634480852310773,3.9757140823565114,90.0,90.0,90.0,1e-07,positive,88.766,66.388,87.138,-0.000,0.000,-0.000,64.121,205.289,64.357,-0.000,-0.000,-0.000,87.136,66.622,88.329,-0.000,-0.000,-0.000,-0.092,0.126,-0.093,-26.555,-0.000,-0.000,-0.018,0.024,-0.018,-0.000,61.903,-0.000,-0.093,0.128,-0.094,-0.000,0.000,-28.864
25,300088f1-61ed-48b2-8a3d-044a59452d85,19b06879-fe19-414e-a7a0-f0bbf62a94e6,2006--Williams-P-L--Ag--LAMMPS--ipr1,ce32faaf-5d57-4861-a2ec-efbfc63f07e6,2006--Williams-P-L-Mishin-Y-Hamilton-J-C--Ag,Ag,oqmd-1214680,oqmd-1214680,3.98122514150497,9.634480852310773,3.9757140823565114,90.0,90.0,90.0,1e-06,negative,88.780,66.371,87.151,0.000,0.000,0.000,64.134,205.273,64.370,0.000,0.000,0.000,87.149,66.605,88.342,0.000,-0.000,0.000,0.009,-0.013,0.009,-26.557,0.000,-0.000,0.002,-0.002,0.002,0.000,61.903,0.000,0.009,-0.013,0.009,0.000,0.000,-28.865
24,300088f1-61ed-48b2-8a3d-044a59452d85,19b06879-fe19-414e-a7a0-f0bbf62a94e6,2006--Williams-P-L--Ag--LAMMPS--ipr1,ce32faaf-5d57-4861-a2ec-efbfc63f07e6,2006--Williams-P-L-Mishin-Y-Hamilton-J-C--Ag,Ag,oqmd-1214680,oqmd-1214680,3.98122514150497,9.634480852310773,3.9757140823565114,90.0,90.0,90.0,1e-06,positive,88.776,66.374,87.147,-0.000,-0.000,-0.000,64.130,205.275,64.367,-0.000,0.000,-0.000,87.145,66.608,88.338,-0.000,0.000,-0.000,-0.009,0.013,-0.009,-26.557,-0.000,0.000,-0.002,0.002,-0.002,-0.000,61.903,-0.000,-0.009,0.013,-0.009,-0.000,0.000,-28.865
111,fff2e5c8-666d-4e73-8ee1-49ee31202ec2,19b06879-fe19-414e-a7a0-f0bbf62a94e6,2006--Williams-P-L--Ag--LAMMPS--ipr1,ce32faaf-5d57-4861-a2ec-efbfc63f07e6,2006--Williams-P-L-Mishin-Y-Hamilton-J-C--Ag,Ag,oqmd-1214680,oqmd-1214680,3.98122514150497,9.634480852310773,3.9757140823565114,90.0,90.0,90.0,1e-05,negative,88.785,66.373,87.158,0.000,-0.000,0.000,64.137,205.280,64.373,0.000,-0.000,0.000,87.156,66.608,88.348,0.000,0.000,0.000,-0.001,-0.001,-0.001,-26.557,0.000,0.000,0.006,-0.000,0.007,0.000,61.903,-0.000,-0.002,-0.001,-0.002,0.000,0.000,-28.865
110,fff2e5c8-666d-4e73-8ee1-49ee31202ec2,19b06879-fe19-414e-a7a0-f0bbf62a94e6,2006--Williams-P-L--Ag--LAMMPS--ipr1,ce32faaf-5d57-4861-a2ec-efbfc63f07e6,2006--Williams-P-L-Mishin-Y-Hamilton-J-C--Ag,Ag,oqmd-1214680,oqmd-1214680,3.98122514150497,9.634480852310773,3.9757140823565114,90.0,90.0,90.0,1e-05,positive,88.770,66.372,87.140,-0.000,-0.000,-0.000,64.127,205.267,64.364,-0.000,-0.000,-0.000,87.138,66.606,88.333,-0.000,-0.000,-0.000,0.001,0.001,0.001,-26.557,0.000,-0.000,-0.006,0.000,-0.007,-0.000,61.903,-0.000,0.002,0.001,0.002,-0.000,0.000,-28.865
1,04ff09b8-045e-449f-96a8-5e2f4e293b81,19b06879-fe19-414e-a7a0-f0bbf62a94e6,2006--Williams-P-L--Ag--LAMMPS--ipr1,ce32faaf-5d57-4861-a2ec-efbfc63f07e6,2006--Williams-P-L-Mishin-Y-Hamilton-J-C--Ag,Ag,oqmd-1214769,oqmd-1214769,10.071185592474203,10.071185592474203,10.071185592474203,90.0,90.0,90.0,1e-08,negative,159.918,83.279,83.279,0.000,-0.000,-0.000,83.279,159.918,83.279,0.000,0.000,-0.000,83.279,83.279,159.918,0.000,-0.000,0.000,-0.162,-0.162,-0.162,16.861,-0.000,-0.000,-0.162,-0.162,-0.162,-0.000,16.861,-0.000,-0.162,-0.162,-0.162,0.000,-0.000,16.861
45,62229e2d-14cd-47bd-bbf9-faced0f6ecb3,19b06879-fe19-414e-a7a0-f0bbf62a94e6,2006--Williams-P-L--Ag--LAMMPS--ipr1,ce32faaf-5d57-4861-a2ec-efbfc63f07e6,2006--Williams-P-L-Mishin-Y-Hamilton-J-C--Ag,Ag,oqmd-1214769,oqmd-1214769,10.067509810020482,10.067509810020482,10.067509810020482,90.0,90.0,90.0,1e-08,negative,162.028,83.786,83.786,0.000,0.000,0.000,83.786,162.028,83.786,0.000,0.000,0.000,83.786,83.786,162.028,0.000,0.000,0.000,0.074,0.074,0.074,17.145,0.000,0.000,0.074,0.074,0.074,0.000,17.145,0.000,0.074,0.074,0.074,0.000,0.000,17.145
0,04ff09b8-045e-449f-96a8-5e2f4e293b81,19b06879-fe19-414e-a7a0-f0bbf62a94e6,2006--Williams-P-L--Ag--LAMMPS--ipr1,ce32faaf-5d57-4861-a2ec-efbfc63f07e6,2006--Williams-P-L-Mishin-Y-Hamilton-J-C--Ag,Ag,oqmd-1214769,oqmd-1214769,10.071185592474203,10.071185592474203,10.071185592474203,90.0,90.0,90.0,1e-08,positive,161.090,83.338,83.338,0.000,0.000,0.000,83.338,161.090,83.338,-0.000,0.000,0.000,83.338,83.338,161.090,0.000,0.000,0.000,0.162,0.162,0.162,16.861,0.000,0.000,0.162,0.162,0.162,0.000,16.861,0.000,0.162,0.162,0.162,0.000,0.000,16.861
44,62229e2d-14cd-47bd-bbf9-faced0f6ecb3,19b06879-fe19-414e-a7a0-f0bbf62a94e6,2006--Williams-P-L--Ag--LAMMPS--ipr1,ce32faaf-5d57-4861-a2ec-efbfc63f07e6,2006--Williams-P-L-Mishin-Y-Hamilton-J-C--Ag,Ag,oqmd-1214769,oqmd-1214769,10.067509810020482,10.067509810020482,10.067509810020482,90.0,90.0,90.0,1e-08,positive,161.606,83.706,83.706,-0.000,-0.000,-0.000,83.706,161.606,83.706,-0.000,-0.000,-0.000,83.706,83.706,161.606,-0.000,-0.000,-0.000,-0.074,-0.074,-0.074,17.145,-0.000,-0.000,-0.074,-0.074,-0.074,-0.000,17.145,-0.000,-0.074,-0.074,-0.074,-0.000,-0.000,17.145
53,6f8b5d96-6871-44c0-ae24-e7accf5ff0e0,19b06879-fe19-414e-a7a0-f0bbf62a94e6,2006--Williams-P-L--Ag--LAMMPS--ipr1,ce32faaf-5d57-4861-a2ec-efbfc63f07e6,2006--Williams-P-L-Mishin-Y-Hamilton-J-C--Ag,Ag,oqmd-1214769,oqmd-1214769,10.071185592474203,10.071185592474203,10.071185592474203,90.0,90.0,90.0,1e-07,negative,154.798,85.298,85.298,0.000,-0.000,-0.000,85.298,154.798,85.298,-0.000,-0.000,-0.000,85.298,85.298,154.798,0.000,-0.000,0.000,-0.112,-0.112,-0.112,10.084,-0.000,-0.000,-0.112,-0.112,-0.112,0.000,10.084,-0.000,-0.112,-0.112,-0.112,0.000,-0.000,10.084
73,976a1d67-c29f-4ceb-b5d5-3ffd6b2d8f21,19b06879-fe19-414e-a7a0-f0bbf62a94e6,2006--Williams-P-L--Ag--LAMMPS--ipr1,ce32faaf-5d57-4861-a2ec-efbfc63f07e6,2006--Williams-P-L-Mishin-Y-Hamilton-J-C--Ag,Ag,oqmd-1214769,oqmd-1214769,10.067509810020482,10.067509810020482,10.067509810020482,90.0,90.0,90.0,1e-07,negative,155.930,85.956,85.956,0.000,0.000,0.000,85.956,155.930,85.956,0.000,0.000,0.000,85.956,85.956,155.930,0.000,0.000,0.000,0.012,0.012,0.012,10.287,0.000,0.000,0.012,0.012,0.012,-0.000,10.287,-0.000,0.012,0.012,0.012,0.000,0.000,10.287
52,6f8b5d96-6871-44c0-ae24-e7accf5ff0e0,19b06879-fe19-414e-a7a0-f0bbf62a94e6,2006--Williams-P-L--Ag--LAMMPS--ipr1,ce32faaf-5d57-4861-a2ec-efbfc63f07e6,2006--Williams-P-L-Mishin-Y-Hamilton-J-C--Ag,Ag,oqmd-1214769,oqmd-1214769,10.071185592474203,10.071185592474203,10.071185592474203,90.0,90.0,90.0,1e-07,positive,154.966,85.409,85.409,0.000,0.000,-0.000,85.409,154.966,85.409,-0.000,0.000,-0.000,85.409,85.409,154.966,-0.000,0.000,0.000,0.112,0.112,0.112,10.084,0.000,-0.000,0.112,0.112,0.112,0.000,10.084,0.000,0.112,0.112,0.112,-0.000,-0.000,10.084
72,976a1d67-c29f-4ceb-b5d5-3ffd6b2d8f21,19b06879-fe19-414e-a7a0-f0bbf62a94e6,2006--Williams-P-L--Ag--LAMMPS--ipr1,ce32faaf-5d57-4861-a2ec-efbfc63f07e6,2006--Williams-P-L-Mishin-Y-Hamilton-J-C--Ag,Ag,oqmd-1214769,oqmd-1214769,10.067509810020482,10.067509810020482,10.067509810020482,90.0,90.0,90.0,1e-07,positive,155.891,85.920,85.920,-0.000,-0.000,-0.000,85.920,155.891,85.920,-0.000,-0.000,-0.000,85.920,85.920,155.891,-0.000,-0.000,-0.000,-0.012,-0.012,-0.012,10.287,0.000,-0.000,-0.012,-0.012,-0.012,-0.000,10.287,-0.000,-0.012,-0.012,-0.012,-0.000,-0.000,10.287
79,b0e1117a-0fe6-4851-b124-ce1bbbf1a824,19b06879-fe19-414e-a7a0-f0bbf62a94e6,2006--Williams-P-L--Ag--LAMMPS--ipr1,ce32faaf-5d57-4861-a2ec-efbfc63f07e6,2006--Williams-P-L-Mishin-Y-Hamilton-J-C--Ag,Ag,oqmd-1214769,oqmd-1214769,10.071185592474203,10.071185592474203,10.071185592474203,90.0,90.0,90.0,1e-06,negative,154.814,85.251,85.251,0.000,-0.000,-0.000,85.251,154.814,85.251,0.000,-0.000,-0.000,85.251,85.251,154.814,0.000,-0.000,0.000,-0.008,-0.008,-0.008,9.847,-0.000,0.000,-0.008,-0.008,-0.008,-0.000,9.847,0.000,-0.008,-0.008,-0.008,-0.000,-0.000,9.847
109,fc62e3b6-ea7b-4e09-bc9f-55dd1755f745,19b06879-fe19-414e-a7a0-f0bbf62a94e6,2006--Williams-P-L--Ag--LAMMPS--ipr1,ce32faaf-5d57-4861-a2ec-efbfc63f07e6,2006--Williams-P-L-Mishin-Y-Hamilton-J-C--Ag,Ag,oqmd-1214769,oqmd-1214769,10.067509810020482,10.067509810020482,10.067509810020482,90.0,90.0,90.0,1e-06,negative,155.850,85.841,85.841,0.000,0.000,0.000,85.841,155.850,85.841,0.000,0.000,0.000,85.841,85.841,155.850,0.000,0.000,0.000,0.002,0.002,0.002,9.883,0.000,0.000,0.002,0.002,0.002,0.000,9.883,0.000,0.002,0.002,0.002,0.000,0.000,9.883
78,b0e1117a-0fe6-4851-b124-ce1bbbf1a824,19b06879-fe19-414e-a7a0-f0bbf62a94e6,2006--Williams-P-L--Ag--LAMMPS--ipr1,ce32faaf-5d57-4861-a2ec-efbfc63f07e6,2006--Williams-P-L-Mishin-Y-Hamilton-J-C--Ag,Ag,oqmd-1214769,oqmd-1214769,10.071185592474203,10.071185592474203,10.071185592474203,90.0,90.0,90.0,1e-06,positive,154.827,85.266,85.266,0.000,0.000,0.000,85.266,154.827,85.266,0.000,0.000,-0.000,85.266,85.266,154.827,-0.000,0.000,0.000,0.008,0.008,0.008,9.847,0.000,-0.000,0.008,0.008,0.008,0.000,9.847,-0.000,0.008,0.008,0.008,-0.000,-0.000,9.847
108,fc62e3b6-ea7b-4e09-bc9f-55dd1755f745,19b06879-fe19-414e-a7a0-f0bbf62a94e6,2006--Williams-P-L--Ag--LAMMPS--ipr1,ce32faaf-5d57-4861-a2ec-efbfc63f07e6,2006--Williams-P-L-Mishin-Y-Hamilton-J-C--Ag,Ag,oqmd-1214769,oqmd-1214769,10.067509810020482,10.067509810020482,10.067509810020482,90.0,90.0,90.0,1e-06,positive,155.845,85.837,85.837,-0.000,-0.000,-0.000,85.837,155.845,85.837,-0.000,-0.000,-0.000,85.837,85.837,155.845,-0.000,-0.000,-0.000,-0.002,-0.002,-0.002,9.883,0.000,-0.000,-0.002,-0.002,-0.002,-0.000,9.883,-0.000,-0.002,-0.002,-0.002,0.000,-0.000,9.883
51,6e2f1653-fa36-4e4c-8e9a-5739708143ef,19b06879-fe19-414e-a7a0-f0bbf62a94e6,2006--Williams-P-L--Ag--LAMMPS--ipr1,ce32faaf-5d57-4861-a2ec-efbfc63f07e6,2006--Williams-P-L-Mishin-Y-Hamilton-J-C--Ag,Ag,oqmd-1214769,oqmd-1214769,10.071185592474203,10.071185592474203,10.071185592474203,90.0,90.0,90.0,1e-05,negative,154.829,85.276,85.276,-0.000,0.000,-0.000,85.276,154.829,85.276,0.000,0.000,0.000,85.276,85.276,154.829,0.000,0.000,-0.000,-0.001,0.000,-0.000,9.847,-0.000,-0.000,0.000,-0.001,-0.000,-0.000,9.847,-0.000,0.000,-0.000,-0.001,-0.000,-0.000,9.847
61,79095fa4-cc7b-4b89-9bb9-ea310450a5cc,19b06879-fe19-414e-a7a0-f0bbf62a94e6,2006--Williams-P-L--Ag--LAMMPS--ipr1,ce32faaf-5d57-4861-a2ec-efbfc63f07e6,2006--Williams-P-L-Mishin-Y-Hamilton-J-C--Ag,Ag,oqmd-1214769,oqmd-1214769,10.067509810020482,10.067509810020482,10.067509810020482,90.0,90.0,90.0,1e-05,negative,155.857,85.859,85.859,-0.000,-0.000,-0.000,85.859,155.857,85.859,-0.000,-0.000,-0.000,85.859,85.859,155.857,-0.000,-0.000,-0.000,-0.002,0.002,0.001,9.884,0.000,-0.000,0.002,-0.002,0.001,-0.000,9.884,0.000,0.002,0.001,-0.002,0.000,0.000,9.884
50,6e2f1653-fa36-4e4c-8e9a-5739708143ef,19b06879-fe19-414e-a7a0-f0bbf62a94e6,2006--Williams-P-L--Ag--LAMMPS--ipr1,ce32faaf-5d57-4861-a2ec-efbfc63f07e6,2006--Williams-P-L-Mishin-Y-Hamilton-J-C--Ag,Ag,oqmd-1214769,oqmd-1214769,10.071185592474203,10.071185592474203,10.071185592474203,90.0,90.0,90.0,1e-05,positive,154.809,85.273,85.273,-0.000,-0.000,-0.000,85.273,154.809,85.273,0.000,-0.000,0.000,85.273,85.273,154.809,-0.000,0.000,-0.000,0.001,-0.000,0.000,9.847,-0.000,-0.000,-0.000,0.001,0.000,-0.000,9.847,-0.000,-0.000,0.000,0.001,0.000,0.000,9.847
60,79095fa4-cc7b-4b89-9bb9-ea310450a5cc,19b06879-fe19-414e-a7a0-f0bbf62a94e6,2006--Williams-P-L--Ag--LAMMPS--ipr1,ce32faaf-5d57-4861-a2ec-efbfc63f07e6,2006--Williams-P-L-Mishin-Y-Hamilton-J-C--Ag,Ag,oqmd-1214769,oqmd-1214769,10.067509810020482,10.067509810020482,10.067509810020482,90.0,90.0,90.0,1e-05,positive,155.835,85.854,85.854,0.000,0.000,0.000,85.854,155.835,85.854,0.000,0.000,0.000,85.854,85.854,155.835,0.000,0.000,0.000,0.002,-0.002,-0.001,9.884,0.000,0.000,-0.002,0.002,-0.001,0.000,9.884,-0.000,-0.002,-0.001,0.002,0.000,0.000,9.884
17,20dba751-c7d9-4123-b575-be54dcd69620,19b06879-fe19-414e-a7a0-f0bbf62a94e6,2006--Williams-P-L--Ag--LAMMPS--ipr1,ce32faaf-5d57-4861-a2ec-efbfc63f07e6,2006--Williams-P-L-Mishin-Y-Hamilton-J-C--Ag,Ag,oqmd-1214858,oqmd-1214858,7.067259838389143,7.067259838389143,7.067259838389143,90.0,90.0,90.0,1e-08,negative,128.383,89.800,89.799,-0.000,0.000,-0.000,89.800,128.383,89.799,-0.000,0.000,-0.000,89.800,89.800,128.383,-0.000,0.000,-0.000,-0.008,-0.008,-0.008,25.583,0.000,-0.000,-0.008,-0.008,-0.008,-0.000,25.583,-0.000,-0.008,-0.008,-0.008,-0.000,0.000,25.583
87,d7a8b4cf-ecdf-496c-8eda-8fcb1aa6939e,19b06879-fe19-414e-a7a0-f0bbf62a94e6,2006--Williams-P-L--Ag--LAMMPS--ipr1,ce32faaf-5d57-4861-a2ec-efbfc63f07e6,2006--Williams-P-L-Mishin-Y-Hamilton-J-C--Ag,Ag,oqmd-1214858,oqmd-1214858,7.068801829943104,7.068801829943104,7.068801829943104,90.0,90.0,90.0,1e-08,negative,123.986,91.524,91.563,0.118,0.061,0.031,91.487,123.979,91.603,0.119,0.062,0.031,91.508,91.584,123.974,0.120,0.062,0.031,0.220,0.287,0.322,20.679,0.055,0.028,0.219,0.287,0.321,0.105,20.686,0.027,0.219,0.286,0.321,0.105,0.054,20.689
16,20dba751-c7d9-4123-b575-be54dcd69620,19b06879-fe19-414e-a7a0-f0bbf62a94e6,2006--Williams-P-L--Ag--LAMMPS--ipr1,ce32faaf-5d57-4861-a2ec-efbfc63f07e6,2006--Williams-P-L-Mishin-Y-Hamilton-J-C--Ag,Ag,oqmd-1214858,oqmd-1214858,7.067259838389143,7.067259838389143,7.067259838389143,90.0,90.0,90.0,1e-08,positive,128.407,89.808,89.808,0.000,-0.000,0.000,89.808,128.407,89.808,0.000,-0.000,0.000,89.808,89.808,128.407,0.000,-0.000,0.000,0.008,0.008,0.008,25.583,-0.000,0.000,0.008,0.008,0.008,0.000,25.583,0.000,0.008,0.008,0.008,0.000,-0.000,25.583
86,d7a8b4cf-ecdf-496c-8eda-8fcb1aa6939e,19b06879-fe19-414e-a7a0-f0bbf62a94e6,2006--Williams-P-L--Ag--LAMMPS--ipr1,ce32faaf-5d57-4861-a2ec-efbfc63f07e6,2006--Williams-P-L-Mishin-Y-Hamilton-J-C--Ag,Ag,oqmd-1214858,oqmd-1214858,7.068801829943104,7.068801829943104,7.068801829943104,90.0,90.0,90.0,1e-08,positive,123.633,90.824,90.785,-0.117,-0.060,-0.030,90.868,123.636,90.756,-0.116,-0.060,-0.030,90.853,90.779,123.637,-0.115,-0.060,-0.030,-0.218,-0.284,-0.319,20.704,-0.054,-0.027,-0.218,-0.285,-0.320,-0.104,20.699,-0.027,-0.218,-0.285,-0.320,-0.104,-0.054,20.696
29,3597770b-c220-4cc6-b0c6-eb54d6c42cb9,19b06879-fe19-414e-a7a0-f0bbf62a94e6,2006--Williams-P-L--Ag--LAMMPS--ipr1,ce32faaf-5d57-4861-a2ec-efbfc63f07e6,2006--Williams-P-L-Mishin-Y-Hamilton-J-C--Ag,Ag,oqmd-1214858,oqmd-1214858,7.067259838389143,7.067259838389143,7.067259838389143,90.0,90.0,90.0,1e-07,negative,123.098,92.115,92.115,-0.000,0.000,-0.000,92.115,123.098,92.115,-0.000,0.000,-0.000,92.115,92.115,123.098,-0.000,0.000,-0.000,-0.001,-0.001,-0.001,22.322,0.000,-0.000,-0.001,-0.001,-0.001,-0.000,22.322,-0.000,-0.001,-0.001,-0.001,-0.000,0.000,22.322
93,e171fb90-4955-4734-b63e-1af424e76894,19b06879-fe19-414e-a7a0-f0bbf62a94e6,2006--Williams-P-L--Ag--LAMMPS--ipr1,ce32faaf-5d57-4861-a2ec-efbfc63f07e6,2006--Williams-P-L-Mishin-Y-Hamilton-J-C--Ag,Ag,oqmd-1214858,oqmd-1214858,7.068801829943104,7.068801829943104,7.068801829943104,90.0,90.0,90.0,1e-07,negative,122.561,91.661,91.663,0.007,0.004,0.002,91.657,122.565,91.663,0.007,0.004,0.002,91.657,91.661,122.567,0.007,0.004,0.002,0.005,0.009,0.011,22.117,0.003,0.002,0.005,0.009,0.011,0.006,22.114,0.002,0.005,0.009,0.011,0.006,0.003,22.113
28,3597770b-c220-4cc6-b0c6-eb54d6c42cb9,19b06879-fe19-414e-a7a0-f0bbf62a94e6,2006--Williams-P-L--Ag--LAMMPS--ipr1,ce32faaf-5d57-4861-a2ec-efbfc63f07e6,2006--Williams-P-L-Mishin-Y-Hamilton-J-C--Ag,Ag,oqmd-1214858,oqmd-1214858,7.067259838389143,7.067259838389143,7.067259838389143,90.0,90.0,90.0,1e-07,positive,123.099,92.117,92.117,0.000,-0.000,0.000,92.117,123.099,92.117,0.000,-0.000,0.000,92.117,92.117,123.099,0.000,-0.000,0.000,0.001,0.001,0.001,22.322,-0.000,0.000,0.001,0.001,0.001,0.000,22.322,0.000,0.001,0.001,0.001,0.000,-0.000,22.322
92,e171fb90-4955-4734-b63e-1af424e76894,19b06879-fe19-414e-a7a0-f0bbf62a94e6,2006--Williams-P-L--Ag--LAMMPS--ipr1,ce32faaf-5d57-4861-a2ec-efbfc63f07e6,2006--Williams-P-L-Mishin-Y-Hamilton-J-C--Ag,Ag,oqmd-1214858,oqmd-1214858,7.068801829943104,7.068801829943104,7.068801829943104,90.0,90.0,90.0,1e-07,positive,122.665,91.761,91.759,-0.007,-0.004,-0.002,91.765,122.661,91.759,-0.007,-0.004,-0.002,91.765,91.761,122.659,-0.007,-0.004,-0.002,-0.005,-0.009,-0.011,22.105,-0.003,-0.002,-0.005,-0.009,-0.011,-0.006,22.108,-0.002,-0.005,-0.009,-0.011,-0.006,-0.003,22.110
43,5c609b72-663c-4edc-a138-a5aaceccacaf,19b06879-fe19-414e-a7a0-f0bbf62a94e6,2006--Williams-P-L--Ag--LAMMPS--ipr1,ce32faaf-5d57-4861-a2ec-efbfc63f07e6,2006--Williams-P-L-Mishin-Y-Hamilton-J-C--Ag,Ag,oqmd-1214858,oqmd-1214858,7.068801829943104,7.068801829943104,7.068801829943104,90.0,90.0,90.0,1e-06,negative,122.477,91.819,91.819,0.000,0.000,0.000,91.818,122.477,91.819,0.000,0.000,0.000,91.818,91.819,122.478,0.000,0.000,0.000,-0.007,-0.007,-0.006,21.779,0.000,0.000,-0.007,-0.007,-0.006,0.001,21.778,0.000,-0.007,-0.007,-0.007,0.001,0.000,21.778
89,dd2cc1c7-3953-44db-b7d7-a3b56a90cedc,19b06879-fe19-414e-a7a0-f0bbf62a94e6,2006--Williams-P-L--Ag--LAMMPS--ipr1,ce32faaf-5d57-4861-a2ec-efbfc63f07e6,2006--Williams-P-L-Mishin-Y-Hamilton-J-C--Ag,Ag,oqmd-1214858,oqmd-1214858,7.067259838389143,7.067259838389143,7.067259838389143,90.0,90.0,90.0,1e-06,negative,122.967,92.231,92.231,0.000,-0.000,0.000,92.231,122.967,92.231,0.000,-0.000,0.000,92.231,92.231,122.967,0.000,-0.000,0.000,-0.000,0.000,0.000,21.862,0.000,-0.000,0.000,-0.000,0.000,-0.000,21.862,-0.000,0.000,0.000,-0.000,-0.000,0.000,21.862
42,5c609b72-663c-4edc-a138-a5aaceccacaf,19b06879-fe19-414e-a7a0-f0bbf62a94e6,2006--Williams-P-L--Ag--LAMMPS--ipr1,ce32faaf-5d57-4861-a2ec-efbfc63f07e6,2006--Williams-P-L-Mishin-Y-Hamilton-J-C--Ag,Ag,oqmd-1214858,oqmd-1214858,7.068801829943104,7.068801829943104,7.068801829943104,90.0,90.0,90.0,1e-06,positive,122.486,91.828,91.828,-0.000,-0.000,-0.000,91.829,122.486,91.828,-0.000,-0.000,-0.000,91.829,91.828,122.486,-0.000,-0.000,-0.000,0.007,0.007,0.006,21.778,-0.000,-0.000,0.007,0.007,0.006,-0.001,21.778,-0.000,0.007,0.007,0.007,-0.001,-0.000,21.778
88,dd2cc1c7-3953-44db-b7d7-a3b56a90cedc,19b06879-fe19-414e-a7a0-f0bbf62a94e6,2006--Williams-P-L--Ag--LAMMPS--ipr1,ce32faaf-5d57-4861-a2ec-efbfc63f07e6,2006--Williams-P-L-Mishin-Y-Hamilton-J-C--Ag,Ag,oqmd-1214858,oqmd-1214858,7.067259838389143,7.067259838389143,7.067259838389143,90.0,90.0,90.0,1e-06,positive,122.968,92.229,92.229,-0.000,0.000,-0.000,92.229,122.968,92.229,-0.000,0.000,-0.000,92.229,92.229,122.968,-0.000,0.000,-0.000,0.000,-0.000,-0.000,21.862,-0.000,0.000,-0.000,0.000,-0.000,0.000,21.862,0.000,-0.000,-0.000,0.000,0.000,-0.000,21.862
39,5078f4ad-60fe-4cf8-8376-540ab60ba107,19b06879-fe19-414e-a7a0-f0bbf62a94e6,2006--Williams-P-L--Ag--LAMMPS--ipr1,ce32faaf-5d57-4861-a2ec-efbfc63f07e6,2006--Williams-P-L-Mishin-Y-Hamilton-J-C--Ag,Ag,oqmd-1214858,oqmd-1214858,7.067259838389143,7.067259838389143,7.067259838389143,90.0,90.0,90.0,1e-05,negative,122.969,92.237,92.237,-0.000,0.000,-0.000,92.237,122.969,92.237,-0.000,0.000,-0.000,92.237,92.237,122.969,-0.000,0.000,-0.000,-0.000,0.001,0.001,21.862,0.000,-0.000,0.001,-0.000,0.001,-0.000,21.862,-0.000,0.001,0.001,-0.000,-0.000,0.000,21.862
77,ac5cd725-5628-4633-9698-a7480ecc720d,19b06879-fe19-414e-a7a0-f0bbf62a94e6,2006--Williams-P-L--Ag--LAMMPS--ipr1,ce32faaf-5d57-4861-a2ec-efbfc63f07e6,2006--Williams-P-L-Mishin-Y-Hamilton-J-C--Ag,Ag,oqmd-1214858,oqmd-1214858,7.068801829943104,7.068801829943104,7.068801829943104,90.0,90.0,90.0,1e-05,negative,122.483,91.830,91.830,0.000,0.000,0.000,91.830,122.483,91.830,0.000,0.000,0.000,91.830,91.830,122.483,0.000,0.000,0.000,-0.001,0.000,0.000,21.778,0.000,0.000,-0.000,-0.001,0.000,0.000,21.778,0.000,-0.000,0.000,-0.001,0.000,0.000,21.778
38,5078f4ad-60fe-4cf8-8376-540ab60ba107,19b06879-fe19-414e-a7a0-f0bbf62a94e6,2006--Williams-P-L--Ag--LAMMPS--ipr1,ce32faaf-5d57-4861-a2ec-efbfc63f07e6,2006--Williams-P-L-Mishin-Y-Hamilton-J-C--Ag,Ag,oqmd-1214858,oqmd-1214858,7.067259838389143,7.067259838389143,7.067259838389143,90.0,90.0,90.0,1e-05,positive,122.959,92.229,92.229,0.000,-0.000,0.000,92.229,122.959,92.229,0.000,-0.000,0.000,92.229,92.229,122.959,0.000,-0.000,0.000,0.000,-0.001,-0.001,21.862,-0.000,0.000,-0.001,0.000,-0.001,0.000,21.862,0.000,-0.001,-0.001,0.000,0.000,-0.000,21.862
76,ac5cd725-5628-4633-9698-a7480ecc720d,19b06879-fe19-414e-a7a0-f0bbf62a94e6,2006--Williams-P-L--Ag--LAMMPS--ipr1,ce32faaf-5d57-4861-a2ec-efbfc63f07e6,2006--Williams-P-L-Mishin-Y-Hamilton-J-C--Ag,Ag,oqmd-1214858,oqmd-1214858,7.068801829943104,7.068801829943104,7.068801829943104,90.0,90.0,90.0,1e-05,positive,122.473,91.823,91.823,-0.000,-0.000,-0.000,91.823,122.473,91.823,-0.000,-0.000,-0.000,91.823,91.823,122.473,-0.000,-0.000,-0.000,0.001,-0.000,-0.000,21.778,-0.000,-0.000,0.000,0.001,-0.000,-0.000,21.778,-0.000,0.000,-0.000,0.001,-0.000,-0.000,21.778
23,2db4abab-9ade-4d32-a088-6ce0520fb1ba,19b06879-fe19-414e-a7a0-f0bbf62a94e6,2006--Williams-P-L--Ag--LAMMPS--ipr1,ce32faaf-5d57-4861-a2ec-efbfc63f07e6,2006--Williams-P-L-Mishin-Y-Hamilton-J-C--Ag,Ag,oqmd-1215927,oqmd-1215927,4.638562565408117,4.638562565408117,5.21102100783965,90.0,90.0,120.0,1e-08,negative,91.008,128.039,9.149,0.000,0.000,0.000,128.039,91.007,9.149,0.000,0.000,-0.000,9.149,9.149,144.451,0.000,0.000,-0.000,0.000,-0.000,0.000,-12.727,-0.000,-0.000,0.000,-0.000,0.000,-0.000,-12.727,0.000,0.000,-0.000,-0.000,-0.000,-0.000,-18.516
22,2db4abab-9ade-4d32-a088-6ce0520fb1ba,19b06879-fe19-414e-a7a0-f0bbf62a94e6,2006--Williams-P-L--Ag--LAMMPS--ipr1,ce32faaf-5d57-4861-a2ec-efbfc63f07e6,2006--Williams-P-L-Mishin-Y-Hamilton-J-C--Ag,Ag,oqmd-1215927,oqmd-1215927,4.638562565408117,4.638562565408117,5.21102100783965,90.0,90.0,120.0,1e-08,positive,91.007,128.039,9.149,-0.000,-0.000,-0.000,128.039,91.008,9.149,-0.000,-0.000,0.000,9.149,9.149,144.451,-0.000,-0.000,-0.000,-0.000,0.000,-0.000,-12.727,0.000,-0.000,-0.000,0.000,-0.000,0.000,-12.727,-0.000,-0.000,0.000,0.000,-0.000,-0.000,-18.516
85,d0dbccd1-3a08-46dc-99ef-3b2aae2dc251,19b06879-fe19-414e-a7a0-f0bbf62a94e6,2006--Williams-P-L--Ag--LAMMPS--ipr1,ce32faaf-5d57-4861-a2ec-efbfc63f07e6,2006--Williams-P-L-Mishin-Y-Hamilton-J-C--Ag,Ag,oqmd-1215927,oqmd-1215927,4.638562565408117,4.638562565408117,5.21102100783965,90.0,90.0,120.0,1e-07,negative,91.008,128.039,9.149,0.000,0.000,-0.000,-1675518.728,-6950753.364,-28913993.220,-1541891.496,7140758.858,655934.067,9.149,9.149,144.451,0.000,-0.000,-0.000,0.000,0.000,-0.000,-12.727,0.000,-0.000,0.000,-0.000,-0.000,-0.000,-12.727,0.000,-16121590.338,-12027872.467,-15888653.906,1260920.662,3483841.072,-2301470.674
84,d0dbccd1-3a08-46dc-99ef-3b2aae2dc251,19b06879-fe19-414e-a7a0-f0bbf62a94e6,2006--Williams-P-L--Ag--LAMMPS--ipr1,ce32faaf-5d57-4861-a2ec-efbfc63f07e6,2006--Williams-P-L-Mishin-Y-Hamilton-J-C--Ag,Ag,oqmd-1215927,oqmd-1215927,4.638562565408117,4.638562565408117,5.21102100783965,90.0,90.0,120.0,1e-07,positive,9217928.983,12836176.233,23613037.574,1855281.054,4712833.800,-2417332.693,128.039,91.008,9.149,-0.000,-0.000,0.000,9.149,9.149,144.451,0.000,-0.000,-0.000,-0.000,-0.000,0.000,-12.727,0.000,0.000,-0.000,0.000,0.000,0.000,-12.727,-0.000,22255380.068,22390733.732,21069996.675,627642.180,1051343.612,415534.094
83,c957d7fb-6438-49a8-97ae-05e6d8f046a4,19b06879-fe19-414e-a7a0-f0bbf62a94e6,2006--Williams-P-L--Ag--LAMMPS--ipr1,ce32faaf-5d57-4861-a2ec-efbfc63f07e6,2006--Williams-P-L-Mishin-Y-Hamilton-J-C--Ag,Ag,oqmd-1215927,oqmd-1215927,4.638562565408117,4.638562565408117,5.21102100783965,90.0,90.0,120.0,1e-06,negative,384888.003,-397667.897,-498860.610,202692.729,-336803.264,57794.802,-1999378.974,-4741416.453,-5416235.463,0.021,29651.324,0.008,9.149,9.149,144.451,0.000,-0.000,0.000,0.000,0.000,-0.000,-12.727,0.000,0.000,0.000,0.000,-0.000,-0.000,-12.727,0.000,-1922527.035,-602116.526,-3210793.301,2395.215,-824256.444,-56524.993
82,c957d7fb-6438-49a8-97ae-05e6d8f046a4,19b06879-fe19-414e-a7a0-f0bbf62a94e6,2006--Williams-P-L--Ag--LAMMPS--ipr1,ce32faaf-5d57-4861-a2ec-efbfc63f07e6,2006--Williams-P-L-Mishin-Y-Hamilton-J-C--Ag,Ag,oqmd-1215927,oqmd-1215927,4.638562565408117,4.638562565408117,5.21102100783965,90.0,90.0,120.0,1e-06,positive,1183244.454,1306334.567,3152341.545,94677.601,33752.566,285891.079,2994323.254,1975817.129,2272523.980,-48456.771,-56249.667,77238.143,9.149,9.149,144.451,-0.000,-0.000,0.000,-0.000,-0.000,0.000,-12.727,-0.000,0.000,-0.000,-0.000,0.000,-0.000,-12.727,0.000,1217771.568,1612381.835,1663859.079,-57432.515,23617.105,-133272.267
11,14320f07-07d2-4658-9c5c-ebbb60e80f28,19b06879-fe19-414e-a7a0-f0bbf62a94e6,2006--Williams-P-L--Ag--LAMMPS--ipr1,ce32faaf-5d57-4861-a2ec-efbfc63f07e6,2006--Williams-P-L-Mishin-Y-Hamilton-J-C--Ag,Ag,oqmd-1215927,oqmd-1215927,4.638562565408117,4.638562565408117,5.21102100783965,90.0,90.0,120.0,1e-05,negative,-123617.897,-85160.602,-300899.190,-14318.106,2809.804,1197.804,-135750.063,-200287.114,-376043.972,20518.479,-3379.410,59084.046,9.149,9.149,144.454,0.000,-0.000,0.000,-0.000,0.000,-0.001,-12.727,0.000,-0.000,0.000,-0.000,-0.001,0.000,-12.727,0.000,-53141.400,-379429.829,-455252.131,18674.038,-441.149,-1455.028
10,14320f07-07d2-4658-9c5c-ebbb60e80f28,19b06879-fe19-414e-a7a0-f0bbf62a94e6,2006--Williams-P-L--Ag--LAMMPS--ipr1,ce32faaf-5d57-4861-a2ec-efbfc63f07e6,2006--Williams-P-L-Mishin-Y-Hamilton-J-C--Ag,Ag,oqmd-1215927,oqmd-1215927,4.638562565408117,4.638562565408117,5.21102100783965,90.0,90.0,120.0,1e-05,positive,119882.325,184023.888,305755.954,51973.779,4775.942,5839.511,167817.913,229896.084,291324.575,3532.476,2634.803,-455.595,9.149,9.149,144.448,0.000,-0.000,-0.000,0.000,-0.000,0.001,-12.727,0.000,-0.000,-0.000,0.000,0.001,-0.000,-12.727,-0.000,222752.735,443199.085,518625.258,-17624.182,12656.965,-60661.450
